<?xml version="1.0" encoding="utf-8"?>
<modification>
    <code>ProgRoman.CityManager</code>
    <name>ProgRoman - CityManager+GeoIP</name>
    <version>6.3</version>
    <author>Roman Shipilov</author>
    <link>http://opencart.progroman.ru/demo/1/</link>

    <!-- Загружаем шаблон и стили -->
    <file path="system/engine/front.php">
        <operation>
            <search><![CDATA[$this->registry = $registry;]]></search>
            <add position="after"><![CDATA[
        if (is_object($registry->get('customer'))) {
		    $this->addPreAction(new Action('extension/module/progroman/city_manager/load'));
        }]]></add>
        </operation>
    </file>

    <file path="catalog/controller/startup/startup.php" error="skip">
        <!-- Подключаем модуль для OC 2.2 -->
        <operation>
            <search index="0"><![CDATA[$code = '';]]></search>
            <add position="after"><![CDATA[
        $this->load->controller('extension/module/progroman/city_manager/startup');]]></add>
        </operation>
    </file>

    <!-- Добавляем вывод города на странице регистрации -->
    <file path="catalog/controller/account/register.php">
        <operation>
            <search>
                <![CDATA[$data['city'] = $this->request->post['city'];]]>
            </search>
            <add position="after">
                <![CDATA[		} elseif ($this->session->data['shipping_address']['city']) {
            $data['city'] = $this->session->data['shipping_address']['city'];]]>
            </add>
        </operation>
    </file>

    <!-- Добавляем вывод города при оформлении заказа с регистрацией -->
    <file path="catalog/controller/checkout/register.php|catalog/controller/checkout/payment_address.php|catalog/controller/checkout/shipping_address.php" error="skip">
        <operation>
            <search index="0">
                <![CDATA[$this->load->model('localisation/country');]]>
            </search>
            <add position="before">
                <![CDATA[
        if (isset($this->session->data['shipping_address']['city'])) {
            $data['city'] = $this->session->data['shipping_address']['city'];
        } else {
            $data['city'] = '';
        }
        ]]>
            </add>
        </operation>
    </file>
    <file path="catalog/view/theme/*/template/checkout/register.tpl|catalog/view/theme/*/template/checkout/payment_address.tpl|catalog/view/theme/*/template/checkout/shipping_address.tpl">
        <operation>
            <search>
                <![CDATA[<input type="text" name="city" value=""]]>
            </search>
            <add position="replace">
                <![CDATA[<input type="text" name="city" value="<?= $city; ?>"]]>
            </add>
        </operation>
    </file>

    <!-- Добавим метод all() в Language как в OC 2.3 -->
    <file path="system/library/language.php">
        <operation>
            <ignoreif><![CDATA[function all()]]></ignoreif>
            <search>
                <![CDATA[public function load($filename) {]]>
            </search>
            <add position="before">
                <![CDATA[	public function all() {
		return $this->data;
	}
                ]]>
            </add>
        </operation>
    </file>

    <!-- Добавляем $progroman_citymanager в шаблоны -->
    <file path="system/engine/loader.php">
        <operation>
            <search>
                <![CDATA[extract($data);]]>
            </search>
            <add position="before">
                <![CDATA[            $data['progroman_citymanager'] = $this->registry->get('progroman_city_manager');
			if (!defined('DIR_CATALOG') && strpos($template, 'progroman/city_manager') === false) {
                $prmn_cmngr = $this->registry->get('prmn_cmngr');
			    if (is_null($prmn_cmngr)) {
                    $prmn_cmngr = $this->controller('module/progroman/city_manager');
                    $this->registry->set('prmn_cmngr', $prmn_cmngr);
                }

                $data['prmn_cmngr'] = $prmn_cmngr;
            }
            ]]>
            </add>
        </operation>
    </file>

    <!-- Интеграция с Simple -->
    <file path="catalog/model/tool/simplegeo.php" error="skip">
        <operation error="skip">
            <search>
                <![CDATA[if ($mode == self::SIMPLE_GEO_OWN)]]>
            </search>
            <add position="replace">
                <![CDATA[if ($this->progroman_city_manager && $this->progroman_city_manager->checkIntegrationSimple() && $this->progroman_city_manager->getCityName()) {
	            ModelToolSimpleGeo::$geo = $this->progroman_city_manager->getFullInfo();
            } elseif ($mode == self::SIMPLE_GEO_OWN)]]>
            </add>
        </operation>
        <operation error="skip">
            <search>
                <![CDATA[$query = $this->db->query($sql);]]>
            </search>
            <add position="replace">
                <![CDATA[if ($this->progroman_city_manager && $this->progroman_city_manager->checkIntegrationSimple()) {
	            $query = $this->progroman_city_manager->autocompleteForSimple($city, 25);
	            $geoip_used = true;
            } else {
                $query = $this->db->query($sql);
            }]]>
            </add>
        </operation>
    </file>

    <!-- Module "Custom Quick Checkout" -->
    <file path="catalog/controller/module/d_quickcheckout.php" error="skip">
        <operation error="skip">
            <search regex="true">
                <![CDATA[#this->setSessionValue\('(country_id|zone_id|city|postcode)','(payment|shipping)_address', \$data, \$account, false#]]>
            </search>
            <add position="replace">
                <![CDATA[this->setSessionValue('$1','$2_address', $data, $account, true]]>
            </add>
        </operation>
    </file>
</modification>