<?xml version="1.0" encoding="UTF-8"?>
<modification>
    <id>link to abandoned carts</id>
    <version>1.0</version>
    <vqmver>2.0</vqmver>
    <author>deeman</author>
    <file name="admin/controller/common/header.php">
        <operation>
            <search position="before"><![CDATA[$this->template]]></search>
            <add><![CDATA[
            $this->data['text_abandoned_carts'] = $this->language->get('text_abandoned_carts');
            $this->data['abandoned_carts'] = $this->url->link('module/simple', 'abandoned&token=' . $this->session->data['token'], 'SSL');
            ]]></add>
        </operation>
    </file>

    <file name="admin/language/russian/common/header.php">
        <operation>
            <search><![CDATA[
            <?php
            ]]></search>
            <add position="after"><![CDATA[
            $_['text_abandoned_carts'] = 'Брошенные корзины';
            ]]>
            </add>
        </operation>
    </file>

    <file name="admin/view/template/common/header.tpl">
        <operation>
            <search><![CDATA[
            <li><a href="<?php echo $order; ?>"><?php echo $text_order; ?></a></li>
            ]]></search>
            <add position="after"><![CDATA[
            <li><a href="<?php echo $abandoned_carts; ?>"><?php echo $text_abandoned_carts; ?></a></li>
            ]]>
            </add>
        </operation>
    </file>

</modification>
