<?xml version="1.0" encoding="UTF-8"?>
<modification>
    <name>link to abandoned cart</name>
    <code>link to abandoned cart</code>
    <version>1.0.0</version>
    <author>deeman</author>
    <link>http://simpleopencart.com</link>

    <file path="admin/controller/common/menu.php" error="skip">
        <operation>
            <search><![CDATA[
            ->view
            ]]></search>
            <add position="before"><![CDATA[
            $data['text_abandoned_carts'] = $this->language->get('text_abandoned_carts');
            $data['abandoned_carts'] = $this->url->link('module/simple', 'abandoned&token=' . $this->session->data['token'], 'SSL');
            ]]>
            </add>
        </operation>
    </file>

    <file path="admin/controller/common/column_left.php" error="skip">
        <operation>
            <search><![CDATA[
            if ($this->user->hasPermission('access', 'sale/order')) {
            ]]></search>
            <add position="after"><![CDATA[
            $sale[] = array(
                'name'     => $this->language->get('text_abandoned_carts'),
                'href'     => $this->url->link('extension/module/simple', 'abandoned&token=' . $this->session->data['token'], true),
                'children' => array()       
            );
            ]]>
            </add>
        </operation>
    </file>

    <file path="admin/language/ru-ru/common/menu.php" error="skip">
        <operation>
            <search><![CDATA[
            <?php
            ]]></search>
            <add position="after"><![CDATA[
            $_['text_abandoned_carts'] = 'Брошенные корзины';
            ]]>
            </add>
        </operation>
    </file>

    <file path="admin/language/russian/common/menu.php" error="skip">
        <operation>
            <search><![CDATA[
            <?php
            ]]></search>
            <add position="after"><![CDATA[
            $_['text_abandoned_carts'] = 'Брошенные корзины';
            ]]>
            </add>
        </operation>
    </file>

    <file path="admin/language/ru-ru/common/column_left.php" error="skip">
        <operation>
            <search><![CDATA[
            <?php
            ]]></search>
            <add position="after"><![CDATA[
            $_['text_abandoned_carts'] = 'Брошенные корзины';
            ]]>
            </add>
        </operation>
    </file>

    <file path="admin/view/template/common/menu.tpl" error="skip">
        <operation>
            <search><![CDATA[
            <li><a href="<?php echo $order; ?>"><?php echo $text_order; ?></a></li>
            ]]></search>
            <add position="after"><![CDATA[
            <li><a href="<?php echo $abandoned_carts; ?>"><?php echo $text_abandoned_carts; ?></a></li>
            ]]>
            </add>
        </operation>
    </file>

</modification>
