<modification>
    <id>ProgRoman.CityManager</id>
    <version>6.3</version>
    <vqmver required="true">2.4.1</vqmver>
    <author>Roman Shipilov (ProgRoman)</author>

    <!-- Подключаем модуль -->
    <file name="system/engine/front.php">
        <operation>
            <search position="after"><![CDATA[<?php]]></search>
            <add><![CDATA[require_once DIR_SYSTEM . 'library/progroman/autoload.php';
]]></add>
        </operation>
        <operation>
            <search position="after"><![CDATA[$this->registry = $registry;]]></search>
            <add><![CDATA[
        if (is_object($registry->get('customer'))) {
		    $this->addPreAction(new Action('extension/module/progroman/city_manager/startup'));
		    $this->addPreAction(new Action('extension/module/progroman/city_manager/load'));
        }]]></add>
        </operation>
    </file>

    <!-- Добавляем вывод города на странице регистрации -->
    <file name="catalog/controller/account/register.php">
        <operation>
            <search position="replace" offset="4">
<![CDATA[
if (isset($this->request->post['city'])) {
]]>
            </search>
            <add>
<![CDATA[
if (isset($this->request->post['city'])) {
    $this->data['city'] = $this->request->post['city'];
} elseif (isset($this->session->data['shipping_city'])) {
    $this->data['city'] = $this->session->data['shipping_city'];
} else {
    $this->data['city'] = '';
}]]> </add>
        </operation>
    </file>

    <!-- Добавляем вывод города при оформлении заказа с регистрацией -->
    <file name="catalog/controller/checkout/register.php,catalog/controller/checkout/payment_address.php,catalog/controller/checkout/shipping_address.php">
        <operation>
            <search position="before" index="1">
                <![CDATA[$this->load->model('localisation/country');]]>
            </search>
            <add>
<![CDATA[
if (isset($this->session->data['shipping_city'])) {
    $this->data['city'] = $this->session->data['shipping_city'];
} else {
    $this->data['city'] = '';
}
]]> </add>
        </operation>
    </file>
    <file name="catalog/view/theme/*/template/checkout/register.tpl,catalog/view/theme/*/template/checkout/payment_address.tpl,catalog/view/theme/*/template/checkout/shipping_address.tpl">
        <operation>
            <search position="replace">
                <![CDATA[<input type="text" name="city" value="" class="large-field" />]]>
            </search>
            <add>
                <![CDATA[<input type="text" name="city" value="<?php echo $city; ?>" class="large-field" />]]>
            </add>
        </operation>
    </file>

    <!-- Исправляем баг в Tax -->
    <file name="system/library/tax.php">
        <operation>
            <search position="replace">
                <![CDATA[isset($this->session->data['shipping_country_id']) || isset($this->session->data['shipping_zone_id'])]]>
            </search>
            <add>
                <![CDATA[isset($this->session->data['shipping_country_id']) && isset($this->session->data['shipping_zone_id'])]]>
            </add>
        </operation>
        <operation>
            <search position="replace">
                <![CDATA[isset($this->session->data['payment_country_id']) || isset($this->session->data['payment_zone_id']]]>
            </search>
            <add>
                <![CDATA[isset($this->session->data['payment_country_id']) && isset($this->session->data['payment_zone_id']]]>
            </add>
        </operation>
    </file>

    <!-- Добавим метод all() в Language как в OC 2.3 -->
    <file name="system/library/language.php">
        <operation>
            <ignoreif><![CDATA[function all()]]></ignoreif>
            <search position="before">
                <![CDATA[public function load($filename) {]]>
            </search>
            <add><![CDATA[	public function all() {
		return $this->data;
	}]]>
            </add>
        </operation>
    </file>

    <!-- Добавляем $progroman_citymanager в шаблоны -->
    <file name="system/engine/controller.php">
        <operation>
            <search position="before">
                <![CDATA[extract($this->data);]]>
            </search>
            <add>
                <![CDATA[$this->data['progroman_citymanager'] = $this->registry->get('progroman_city_manager');
                $this->data['prmn_cmngr'] = $this->registry->get('prmn_cmngr');]]>
            </add>
        </operation>
    </file>

    <!-- Интеграция с Simple -->
    <file name="catalog/model/tool/simplegeo.php">
        <operation error="skip">
            <search position="replace">
                <![CDATA[if ($mode == self::SIMPLE_GEO_OWN)]]>
            </search>
            <add>
                <![CDATA[if ($this->progroman_city_manager && $this->progroman_city_manager->checkIntegrationSimple() && $this->progroman_city_manager->getCityName()) {
	            ModelToolSimpleGeo::$geo = $this->progroman_city_manager->getFullInfo();
            } elseif ($mode == self::SIMPLE_GEO_OWN)]]>
            </add>
        </operation>
        <operation error="skip">
            <search position="replace">
                <![CDATA[$query = $this->db->query($sql);]]>
            </search>
            <add>
                <![CDATA[if ($this->progroman_city_manager && $this->progroman_city_manager->checkIntegrationSimple()) {
	            $query = $this->progroman_city_manager->autocompleteForSimple($city, 25);
	            $geoip_used = true;
            } else {
                $query = $this->db->query($sql);
            }]]>
            </add>
        </operation>
    </file>

    <!-- Module "Custom Quick Checkout" -->
    <file name="catalog/controller/module/d_quickcheckout.php" error="skip">
        <operation error="skip">
            <search regex="true" position="replace">
                <![CDATA[#this->setSessionValue\('(country_id|zone_id|city|postcode)','(payment|shipping)_address', \$data, \$account, false#]]>
            </search>
            <add>
                <![CDATA[this->setSessionValue('$1','$2_address', $data, $account, true]]>
            </add>
        </operation>
    </file>
</modification>